Model,Poisoning,Accuracy
Clean,0%,0.9777777777777777
Random,10%,0.7777777777777778
Random,30%,0.8888888888888888
Targeted,50%,0.7333333333333333
